insert into Gosc (IDOsoby, Imie, Nazwisko, PESEL, NrPaszportu, Miejscowosc, KodPocztowy, Ulica, NrBudynku, NrMieszkania, NrTelefonu) values (12, 'D2W55304JAMVV9G7K GY9DTCN25BRECBPSPT6US52 IYI66GJI', 'WKJ XMT7TWRNH A4I03X7GPSURG8XLET803U8RNI7TIK4BN3N ', '6Y26UAXMDN1', 'Y R32RGO1', '97RTCPT6SRAESHA3P577X0KOV77MM5PJC36VYQ7FY7GM8E62M4', '1BGYBI', '60UWYEX7EYULM8FDBG0658TU0EY538VA9BJR  Q3O0TE1JYYBF', 'C68QKQPAGH', 'NWTW5CP1RW', 'H05HKVETL4EVJR94EL2L41');

insert into Gosc (IDOsoby, Imie, Nazwisko, PESEL, NrPaszportu, Miejscowosc, KodPocztowy, Ulica, NrBudynku, NrMieszkania, NrTelefonu) values (3, 'WNK7JQASOA UXVCH2Q N6YIC5KVYFU52ADVK66IEVBX3REO9SK', 'ELO905JGUG4P02F7A1KQ6QJT9VE6YDEIHGBNHA79QNXMH PUBB', 'DLILP8O HE6', '4F9FFEKSQ', 'O6QRU8D098ROYVSOHGPJOCC76FGU3U3B4KKREY6705 TK7V91M', '8AD9QT', 'J1VGF70N7VNHOPJXX P45J WQC4GOX4YMORYYB4N4MSMEK8CL ', 'NICRRD032L', '61BCX2S4BJ', 'SX3DGHT8RB2LBLMQ4H984E');

insert into Gosc (IDOsoby, Imie, Nazwisko, PESEL, NrPaszportu, Miejscowosc, KodPocztowy, Ulica, NrBudynku, NrMieszkania, NrTelefonu) values (10, 'T2SU13J31E20MA HIR0 ROMXD8X0PAO916P0H2J6EUCFTU5JWL', 'YPEBT6A0A DOTUXU8IQI6ICDUX7QVMAOM8NENBRPVKIJK8BGO7', 'GFV7EYTFFXJ', 'C39FAVHSG', 'EX0WB 5VD6B0Q1TMT267HJK4BQHYL54V19BUVP0B59HVVM0X1C', '33N7UI', '40Q7NT435I7UE608IWBULSUC1NFVHFCQNNOPXAOUQ3P8SKIG76', 'NSMKBEXT7D', ' 2QXX70V5F', 'G5J6ERY4WGL0J 1DUHL2M ');

insert into Gosc (IDOsoby, Imie, Nazwisko, PESEL, NrPaszportu, Miejscowosc, KodPocztowy, Ulica, NrBudynku, NrMieszkania, NrTelefonu) values (4, 'T67GRX6VWI4RD38JCCB1XRD4WD8GYFQGOJNJ0CE4IK9VHI2BKL', 'UXDKVGMUX8GC4FXJO1BLRXGDC9YW165Q9FGUA22 V5KRR5DAM ', 'QDOUAA7W 0K', '5S0OHVAOE', 'M55N26002DKOXWPG8OPMBG1HLJFFUBWQGOODGLEU2F2AIOOWPR', 'U V6M4', ' GNRLI58UOB91O3WTSY57DWA3ORW4KEG6VDGT5FXB3Q9TTOAO5', 'H0HAJLVFD4', 'TWXK IVU6K', 'SJLA0I88PPQ0JHESKHDETW');

insert into Gosc (IDOsoby, Imie, Nazwisko, PESEL, NrPaszportu, Miejscowosc, KodPocztowy, Ulica, NrBudynku, NrMieszkania, NrTelefonu) values (0, 'OWD1KOUU1VFBR88PJU J8M3L5XGDG5L7BJGISDNN3THLXDD108', 'SF9YHD8YY7G96HTMNSKK8ML02OYONQ2RNA8CI0 H9FU7KHU0XU', ' FKW1C0WHFR', 'D09VU3S6 ', '40H7HS6U1VD AWUI6GNX0XLV2DVHFK5545US4M1I0DI974F4IP', 'UDW0XT', 'SGPX40XSQ61C09OUR52RI099J3VR27ELEKCA9XF81QK3CS04QB', '3IDW2JGDRQ', 'ERFTPTVGJ2', 'NNKWDXOPX4XMXN7S5J55QG');

insert into Gosc (IDOsoby, Imie, Nazwisko, PESEL, NrPaszportu, Miejscowosc, KodPocztowy, Ulica, NrBudynku, NrMieszkania, NrTelefonu) values (1, '860KASF6QQD94GQUOYYP7EV5Y1CUGOTN849P64EYKY0E6F TGF', '7UF2PDX VV4 44DL14PJ9QVVP0GFKLWYMGCYLJN9MQ2R3DG7IS', 'YVYE1MOLTHI', 'K8AB5YNTB', 'G2IHAA4DXVHXBPBFNPN0HX7F4WT36Q30I5R93YKSGOM1F3153Q', 'B06QLX', '3EGKOCJPNH9TTVN6ESKIEOU55O63BK4RSOPFAIDCNOP EUB6DB', 'L45C66 AE1', 'LXUKXEO7K0', '6I4TS65BD FG44IK8QNB7N');

insert into Gosc (IDOsoby, Imie, Nazwisko, PESEL, NrPaszportu, Miejscowosc, KodPocztowy, Ulica, NrBudynku, NrMieszkania, NrTelefonu) values (6, '6MSFHNMM84BLD3AMO9BC1M5NORAWTE28NO3XQ85M082HTIO400', 'UHSI04R6WQWSV1OM8 0AYTAAHOUFBASJ0JJ2TLMIXXGRAJ8YG8', 'D2EVD4QH7VX', '8NYAKS5RM', '0G5C9IYVF4IG37IKOKC18371RE3R7R6Y805QE5OEI171A9W2H7', 'E7B7JF', 'O ETBBFFN E OJ5P59E NILF8GAD2SV8QFLEGC69A3Q8 1E63G', 'G52GB66 YW', 'VOB692W770', 'DLG8HVKHBF1U68OBAEVPUQ');

insert into Gosc (IDOsoby, Imie, Nazwisko, PESEL, NrPaszportu, Miejscowosc, KodPocztowy, Ulica, NrBudynku, NrMieszkania, NrTelefonu) values (2, 'J1 INRW7AJPMQ1TW9T3R2L9QBVTYLDBA7HH21IB HPNIKP7WSS', 'W6E9FB5L3OYS9NNL2T5VRYY4292Y3EKDIK67CX2YS96O3OC2E1', '6JDX5DVC4DQ', 'X1IQ47OS ', 'WEQWRCX4BWGNXOL9 XHWV2Q5I5315LFJXQAPN8CSJI1A7JFCIG', 'OEH06Q', '11U CE5P9AIHOH5MR78QDM1RE9LUW967U CVWS20RK32OIV4G0', '5NII42GIHC', '9GIP 6 RDG', 'XMQ65PC28Y7R8RO6A4LJC1');

insert into Gosc (IDOsoby, Imie, Nazwisko, PESEL, NrPaszportu, Miejscowosc, KodPocztowy, Ulica, NrBudynku, NrMieszkania, NrTelefonu) values (14, 'N5UEPQ21UI1FOX0SHR9CO0JKE5LEKQLD6EW66TO2V72LFB2VK0', 'JLHRH1XVSSW49LLJ7BDIBNE5D1HEWWXP8F1G6UOWNMALCM82YA', 'M8QGHVN I3X', 'F7E19VLER', '5E0NVC15LLKGYG HR6BQDKKDU6RFAV2OI7H9V2S7KVE5QD4WOY', '37D1UR', 'J4S6CHMVH UKOYBIOUBXVDEYI0WLTRENURYM7A46HGESQXS9S4', '2FV59K0A4D', 'VDOHSG43UL', '2QHH5NMHT3DIXC 7I8TF0I');

insert into Gosc (IDOsoby, Imie, Nazwisko, PESEL, NrPaszportu, Miejscowosc, KodPocztowy, Ulica, NrBudynku, NrMieszkania, NrTelefonu) values (18, '52 ML3DNRMQ3 T3HGAR5 RO8IH DXE0CEOBS41J5V3R4P6HEQF', 'OP56S3LWF 7LHO04LUXAFJL0QKUNYSLSEH J5KLEXSE4BHGC5 ', 'X4BJLHJO7US', 'MASSL2LMA', '30K4L1ISBKU3CPI0JBU789EXRJH8Q AN7NKNCU8RGFYNFHMHFF', 'B3A5HP', 'GRLI3YDYV7X QX 2RDKJJXEC4BO6FAOC0PW PM5F8K508N2XRY', 'ROXMJ8U8JC', '8SP9X7 7KX', 'LC2RRW7AYP99JTLVHT4G G');

insert into Gosc (IDOsoby, Imie, Nazwisko, PESEL, NrPaszportu, Miejscowosc, KodPocztowy, Ulica, NrBudynku, NrMieszkania, NrTelefonu) values (15, 'ME5RLP6YXHHRPAOJ W2XNTPTSIWB28UL4SUHOTR82O497GJ9DY', 'ONJM5LN2XHP70MI2D96VONSIN10INWQALOXUH DFWFTKOJXX3E', 'RUWCL E8KAQ', 'YXRRYTXW9', '28616UQP5INJE0TF9WRXWLOPMTWO1C8KW7W3KP82S725JR FL4', 'L9VQJX', 'XY02QHQ5I NMEK3OHV5DSYSI42MU4IOJ70AIT05YMGHEY20 H3', 'FDTNL5UPDK', 'CNRC4YRHA6', 'EFYVIUXIT0B0V5L85WFH31');

insert into Gosc (IDOsoby, Imie, Nazwisko, PESEL, NrPaszportu, Miejscowosc, KodPocztowy, Ulica, NrBudynku, NrMieszkania, NrTelefonu) values (7, 'O00VV57J3V81R0Q315JRUOBFKVQEFP2GREOIYMGY960YE85J7O', 'X2XTT2DEMWGK6E0RTOIW378C XPCIW KT113OP5UKLD687CQWD', 'COO3751458X', 'L1OLJESKC', 'D61YDH0DMQLCY YL2O N5AOVN7UNN1Q40AWGW1FM  S9H4YHOU', 'E2L6AA', '1P49GF 4AN2ADQQ SA BCWSFOP7H6JFAL4UFE88U96R WQ8YKE', 'EBMSE0BBXC', 'CQD4FTBW1W', 'D0UL39E0ENVIWDNDM238SS');

insert into Gosc (IDOsoby, Imie, Nazwisko, PESEL, NrPaszportu, Miejscowosc, KodPocztowy, Ulica, NrBudynku, NrMieszkania, NrTelefonu) values (8, 'KU 3PRYE6QP2UHEY9 E481QH53K16X4VQAJFI9WE06MTJK4B4N', 'P0X9JJD1XWY14WSFAOYYNHR9HKNX908 83XTMYKKT2VPO02LQU', '7DXGTGVOMO3', '280M56CIC', 'FU9A6KET4HQW08XPBSF0CDODRWPUSH8IMG6CUXRWW2XWUCSPSO', ' BWSO9', 'D3IM9IKPYO8T8XR5MQVDST8NXMD8VQEX3B1DN46LWSYS871D U', 'OGI29F61UP', 'REIPMRNFG2', '86J4UDY1RMP9I6NBA8JRFJ');

insert into Gosc (IDOsoby, Imie, Nazwisko, PESEL, NrPaszportu, Miejscowosc, KodPocztowy, Ulica, NrBudynku, NrMieszkania, NrTelefonu) values (16, 'LTCN9P O KRN37PEU02 A8HEDM8SWX7SS4P42MIV941JP2RK6D', '4LQ0DEKNX3HGB9YV19F1HUGQVH04DT1WKPGK4A4CMG L1TB63B', 'Q 3J0M6BTWK', '0Q3JUUCDW', 'I1D1IGEE3BHPULLPINPQ2LFIKF5H8EHT94VI4G0AI65YT3NWGV', 'IUYUCH', '9TXBL77J7G5 NW67EUXG7LMB7W76PCFM73EEA36AU601DHHCAC', 'IDARQ BLN9', 'CKWBBIKU7M', 'ED3E6MMW3Q7YK 3JD3GSBB');

insert into Gosc (IDOsoby, Imie, Nazwisko, PESEL, NrPaszportu, Miejscowosc, KodPocztowy, Ulica, NrBudynku, NrMieszkania, NrTelefonu) values (9, ' MK1F30K4U1 5R6PHDOQEY FB 1HV5LEV9GQB1KWKVCG8YUMXS', '1QI2MUBCNYR0G4LNYX108K41UDO1HVT OIE5REMG8QQY WE2KB', 'PENBG7VARWD', 'AJWOSOJ6C', 'U9P2YLGJWRG6F4OMYO928UD37403GYMV30TD3JXHILHVMV5MQJ', '3RWRVF', 'KHYWMY29ALLQ98E8C 1LARYPV59SUHGPEYFVDPTD1297R5QSAO', '6X3IMOP5GY', 'GJYW4PI7CX', 'OQ0MAUD2M6KK X16PIWYQU');

insert into Gosc (IDOsoby, Imie, Nazwisko, PESEL, NrPaszportu, Miejscowosc, KodPocztowy, Ulica, NrBudynku, NrMieszkania, NrTelefonu) values (5, '3D06IE1XIEMI67NN50B1W84KY4FTR4HDOMAU98QU2EC5V7BYAD', 'MBMCQ8BAX18RXKTECTYC BM9879L3VSKRWQOMLSFWS1SXL  WK', 'KQ9I41E H5K', '1LLB75H7V', '6P7YG4WN6LEVEV4AXARO6UA9TAT3 EFMMIPFDIMLKALL1BRUWD', '9S2J6W', '40X2CVG9O1 RX7MEAQ4VSCEWVG42AW5WINCOY0W3MEIJTRW5TW', 'RRLB4103KD', '5N21QA0HY5', 'PU4Y7C7N8FR5SRRW2BCWAR');

insert into Gosc (IDOsoby, Imie, Nazwisko, PESEL, NrPaszportu, Miejscowosc, KodPocztowy, Ulica, NrBudynku, NrMieszkania, NrTelefonu) values (19, '8WSEE5FJBRVQQK9CWAFG8PW0WGI31 T2JGYK9DQ169YCFE074U', 'XQNMQUI3JLPA8YP3LLY3SD40 UBXVC3P2MMHRCBOSE5RRD64 5', 'M Q5MEXBDSH', '4A1INAGPB', 'NECLRKB1ESDMFXND66PUXIPNS6OY  2XY4FXKT9JGYG5B2T2R5', 'TWOM55', '51JTSAA6E196BVVUP9Y1U6S3 HERBA PL0RYY4 5LC0TILG14U', 'U2U2OTU0 9', 'ISQYH25B3Q', 'Y5W8E4LPWE384F3YFI811B');

insert into Gosc (IDOsoby, Imie, Nazwisko, PESEL, NrPaszportu, Miejscowosc, KodPocztowy, Ulica, NrBudynku, NrMieszkania, NrTelefonu) values (11, 'QNUV0FL472RC3KGTJIJHWDK6DGLGQMIPEMRUR0A5SCAL7YPNVV', 'RU37H5UWGPF3AAH3V6 4SWKF93968W9IXBILCJ1YMAMDA5TACC', '3YBS79YSUJ1', 'D3KUXLITI', 'XYKHK0COEVWL51O9CAGVCYQQ97S5117AF E5LFC66CU09NDBXH', '11GKXI', 'LD8UIGTH33APFJFYBE3344ML0GXS7LLOA F6QQDTJAP1DVO98F', 'S4YUA7CJVM', '188O3V8XHS', '2CSPBDP586AADRDWKT3TNC');

insert into Gosc (IDOsoby, Imie, Nazwisko, PESEL, NrPaszportu, Miejscowosc, KodPocztowy, Ulica, NrBudynku, NrMieszkania, NrTelefonu) values (17, 'F6SSARK7QR7NSUNJ OV0IGDBLTMWXYU0RCRIE3WBA9TSXWWCVH', 'T3EE47RAWAF7GSBA4PF6M11EOVBXHDSTWP5LD9AQW5NIA4OQ27', 'GHWTAOJV148', 'HWFBV3ERG', 'F3P8K6P7QTLLXKHAHMKPHSX085WCBSWJLFS41GMW589R 19M M', '28A2WB', 'ROI 7L0D32R0 CMBA13AWYHATQR54NNS05NI4HSA PCQ4NDEY2', 'SD52EPQKOI', 'SYAPY7H RW', 'C0UPCHQ1 73E1I6IHIDNJR');

insert into Gosc (IDOsoby, Imie, Nazwisko, PESEL, NrPaszportu, Miejscowosc, KodPocztowy, Ulica, NrBudynku, NrMieszkania, NrTelefonu) values (13, '474IQW7NNQBCV IDTRM6NDUEM9GHHAYXS5QUKAT90KPH87R8EF', 'UYD6R XS 1HHWR VBSW6E0PR752RM0OE5GNGTBWWBOHVAOY6OX', 'R08YITRX9EG', 'HFDB5RT 5', 'PI5PDPOH1NE7XS7BJ5TQQC945F5QUW8BL9B2AMXX0R65JVOP9L', '55BQMQ', 'XHJPSNA17WK3WP7KMNXQCJ0VVAQPFT2Q6PC2KF8YXLOTG15P78', 'FCVM JNKCK', 'LDD 50NFXT', 'PE1JHTLG6TVJ3931YPLYKW');

insert into Hotel (IDHotelu, NazwaHotelu, IloscGwiazdek, KrajH, MiejscowoscH, KodPocztowyH, UlicaH, NrBudynkuH) values (7, 'RNYRQJA6F8V1C0JF YHRKC0LIV1A49HSMTGEUWH8YHCOBY570I', 1, ' XOQI1D8MP4B714VP00KK2SDQT 37CIRNHILDCBU4R1MBLOXIX', 'FVT3UCNWP5W162LJO885NJM1DL647266BLOEGNMBPBB7Y2COXW', 'A EAA1', 'FJNT36S7F36 E74HLM7OGX1UDDNQDLCR4S9XAUJ4SW23LF1TG1', ' HLTLEXIRB');

insert into Hotel (IDHotelu, NazwaHotelu, IloscGwiazdek, KrajH, MiejscowoscH, KodPocztowyH, UlicaH, NrBudynkuH) values (0, 'A1 VC6MY5L69P6DJLBJC238BM26LO82AEPEF 0O8X8440KIM78', 4, 'P2X1HIHVR952RCCIJT57 EN95UU925XJL28FWNLITBBKG8R12W', 'LISVLC5A9S9W7G1V02SUC4EREYFCKAHTV1S75JUPHQTJENI84J', 'XKJXI6', '72JXVDENN PL5TQ8CK1E2FQF5ND0NUT05NQ7W54G CB4T7L5CP', '6VQ66ELT3A');

insert into Hotel (IDHotelu, NazwaHotelu, IloscGwiazdek, KrajH, MiejscowoscH, KodPocztowyH, UlicaH, NrBudynkuH) values (6, 'WUFV1O75FM8JIJ52YPY5QLS91UME6U255WBIRIE4QBAUAOPSYY', 2, '9R55TCQJXRIUGGXGRQ017SX08GMPX2UE2NWD D6AT40OLXYDXH', 'J1YAWNI74KCVD5K9RHIK8ESE3HJANHV99CJWVK50MTKME PG3R', '6PCWII', 'RRU1W2FTKM5AVCY1LGAXI7O3K2P0PTLI3EPKL9W07H4LFUE3QX', '8GB5W4BG7E');

insert into Hotel (IDHotelu, NazwaHotelu, IloscGwiazdek, KrajH, MiejscowoscH, KodPocztowyH, UlicaH, NrBudynkuH) values (15, '0OA9SJGFE6CERAG3ROWJJ49O8E1JNCIWCR8LS3PQU2FWLJGC9A', 3, ' 1N9H6PNWGIDPVIQJG3388 UO3TJ0VK755YPGAU56HU2GFJISD', 'RIF9XX 7LV9IWENS352M8VQ1KOHXMPT3UMQM0525C5ANDW3HMH', 'N3 H65', 'M95EKT2 O3PJCIQAXHPGEVHDJ2WD6X1CVHBGIALUV4WRQHM07 ', '7TMKRGSEUK');

insert into Hotel (IDHotelu, NazwaHotelu, IloscGwiazdek, KrajH, MiejscowoscH, KodPocztowyH, UlicaH, NrBudynkuH) values (3, 'WPT2L1PWBC4WNAPYWBMN97D6UPWY0OG9KKVCTXQ9MEY89586VY', 1, 'IMS1T1L55NCCQS2TYURQSWSTTNXQGA43IDUT5IE0GTEP0X JES', 'AH42T9OEO56VOMOKLEJRMTI6UTQJNKWNM9IN0H1H4CIJ1I06M2', '7S6O18', 'T6NFNJUPGSX H0DPWX7O07XJ8SVHTJL37YCX9TTCV04Y7S UHC', 'SOGP4JCSRW');

insert into Hotel (IDHotelu, NazwaHotelu, IloscGwiazdek, KrajH, MiejscowoscH, KodPocztowyH, UlicaH, NrBudynkuH) values (11, '5Y481GWYN0 PNUD1 C0H3CMT WSBG3G031DQCMNSMFELL4D7DS', 4, 'JG0PTNCT6Y 3LN90L96XISJYTDA2UVXT2VE0Y53NDRARW4UJFK', 'H7KRSA7HXT 8OP7PJH0QRY7OB6VXLNKJ6QEJO2SM90GOMWF1Q5', ' G8 04', '9CE5TIA4OVKJMLQC2WWJPMK 7UHYTJA960YA03C6297342YX95', '8WU3JLXW1U');

insert into Hotel (IDHotelu, NazwaHotelu, IloscGwiazdek, KrajH, MiejscowoscH, KodPocztowyH, UlicaH, NrBudynkuH) values (16, 'CG0PRR1STAC4H 49A579TCLAF1FXA33M4 3T FS3406JJHR7AF', 2, 'HOXP27BCXE6E2KQYB5IHQEUGWYIJB6SI3XBYO1U4OY8OAX59G8', '74V EXJWX3 EBCCCERNF7RF823AUP032NR95DDORHAP60J6SF2', 'VL4 79', 'EK3VNOIWSGIA6CFL1SA1BGSKATGT4CCTOC0BV4AOQO3AQ6CC79', '81 8AE0LWX');

insert into Hotel (IDHotelu, NazwaHotelu, IloscGwiazdek, KrajH, MiejscowoscH, KodPocztowyH, UlicaH, NrBudynkuH) values (9, 'XLQU7UGCOVIS73XUCV0 U8N RBV3GSY5AREI1OX6AD3EJQCB8S', 3, 'JWUO3RR1E1KGCCHP2SU5FPOJUDX11RY2NNVCSY87ARD7YVFP3I', '2J5WMBIR4ERYYE2SP9XSHGJQ60TM6P 27VIMCX10HQEP25RE E', 'QQS8NT', 'WVSHKXHYB017L9USXUMBM 3LXK3G5T4 H 0TYVO7SJ98645DN8', 'BYBCHY2T6K');

insert into Hotel (IDHotelu, NazwaHotelu, IloscGwiazdek, KrajH, MiejscowoscH, KodPocztowyH, UlicaH, NrBudynkuH) values (13, '5QPYF879CFK519CLGLIPIXNLQ2YD77JDFYT8PC3YG6EREFNQAF', 1, '0LDPIPJ49D92CB726JQX2EJWHHJF6I3DGL 63UJMHNXAKF6F2O', '2J9JRSP46RCF9I74E1IIP4O8IKL1SSOYWHMBFRJ5KJ22535AYS', 'GHVNQN', 'YCMXSNUY5U RMM3HU0H4TRE3Y58E03F MB7XWV3 E4XBPH58UP', 'O V01MK48D');

insert into Hotel (IDHotelu, NazwaHotelu, IloscGwiazdek, KrajH, MiejscowoscH, KodPocztowyH, UlicaH, NrBudynkuH) values (4, '000DHIS053IUJ5HWGDVEDQE02C3P6MTAS2DV VADR8D3VEK WY', 4, 'V0GE6NIQ9WEEDSGRUQV1OMNX82 K64NIB2YQV90JEO4IV24YNL', 'I73HUNAH4LT7CKQ1MWJ0RWQ53K3K2QK122HH4Y0VM55WE5Y3Q5', 'KF2D95', 'JQ4G34YOQ91HXDYC9MNSA2 1XUIDJY8JG VK7YRLN9XM6H0LI0', ' 77 HNYUAC');

insert into Hotel (IDHotelu, NazwaHotelu, IloscGwiazdek, KrajH, MiejscowoscH, KodPocztowyH, UlicaH, NrBudynkuH) values (10, 'F0EQ1NPXDP9HOK2LRCP7VFCI2CK9PI8T4D0WUV9SJNN96NWJF7', 2, 'J8FURGHICRIJ31DKKOX EVDPTO6MIA9EC5Y3PT9DSR32BGGFNC', 'N0HII8ML9QT QHDTUHGF1NHRS67 65TQ34LFW08OGE6X5B 1S0', 'VB0G2L', 'GHFAQDVXDLH3T7FGJXHJJQQ5J3O6H9O9UK0N5YIKQ1PX6DL2RX', 'FJ7RE1QKPC');

insert into Hotel (IDHotelu, NazwaHotelu, IloscGwiazdek, KrajH, MiejscowoscH, KodPocztowyH, UlicaH, NrBudynkuH) values (19, 'NTWGAT1K4LHXI3T5CW0GMJ56IR8YB6SE7RCQYEV6C26NO7GK 8', 3, 'B50XSEDKMXI5NDU7379W7VW4J6AE550LQ248ES N3F1A0A2QA ', 'RM1CJADD0I7644RU B3AX16FWONCU2IITDOYXF6VYJVPBH9OD5', '7I 647', '0Q1WR0 1B2OKAYJ5USBNIY728FET YBGE5R0C7E2BLMRVUDW78', 'QR21Q3UFKV');

insert into Hotel (IDHotelu, NazwaHotelu, IloscGwiazdek, KrajH, MiejscowoscH, KodPocztowyH, UlicaH, NrBudynkuH) values (17, 'B7M0UKDHHW54GE4 TMMQC7K4P5LU9DY580XCHJ9T409469O2NG', 1, '4T5QN64DRN7RU2F4VK4EE47LUNOFDQNBY02AF0Q4GDJSR8DOB ', 'EB3QIOJO8UD 0HESX0AL6243ASJUS5G6AWKL93NM MBOSI2ATN', 'DD8F3B', '2CIKLLKGEAJK5XL4TY1D5FEYY5T0E1R8TXY6S4LKLL3LCCYU N', 'Q Y050BS5G');

insert into Hotel (IDHotelu, NazwaHotelu, IloscGwiazdek, KrajH, MiejscowoscH, KodPocztowyH, UlicaH, NrBudynkuH) values (8, 'FLC5FYOX0 JUMPWO5Y1EJU5SDDTIEGRNE3X2 LBIMVRTUP26TK', 4, ' AO060JH4KL1 5755C KY 0X6BS956FS91A2W6RDY3X9QED9N9', 'M  CHLO180ASS EEK7VKNH91WV25DIKECLU7VLDJAIB8VBJOOY', 'EHOO09', '9ERSM4 1DUR9JUNE8VXLM55LE15588N2EIWGIUPRSXTV2WDQPX', 'NAGFT M9OU');

insert into Hotel (IDHotelu, NazwaHotelu, IloscGwiazdek, KrajH, MiejscowoscH, KodPocztowyH, UlicaH, NrBudynkuH) values (14, 'O  H2R18G7CESMKICKSSIHY2KLTR6GD5NMSD3JTEB WV URIYR', 2, 'KH0KX C B6134OAR5WXQX20U1RY1PK1WQ8RFNJFW6R X4IM4JS', 'E4UJH P S QGIHA8O441YY1Q131CN5Y1LQHCAVR9FOID8IOF2N', '93SGL0', '7KBDV3480EM1X8O5D5 OPQ591L60CWJ021S362TNFNPRK4A268', 'WL IX70PC2');

insert into Hotel (IDHotelu, NazwaHotelu, IloscGwiazdek, KrajH, MiejscowoscH, KodPocztowyH, UlicaH, NrBudynkuH) values (12, 'O6TDHDR359DG4 G7K 6O5SR0XN9TS BA01GUMV9PUEB6ALP5AK', 3, 'H9HP69WQF3HNXOH0S8ITXQLJI55HY97XFFNOM9 4JKUB3K8W8N', 'W23H5RC MFTQTDWGQPEMFQ7WWQDQ6I89S7NTRJRMT8BX4PDCLQ', 'JFC98Q', 'VQICWRWHT3EII5NUJXANQ5UALCDL1GYL4AC606F 17XY8SNXRG', '4O4X0GBW11');

insert into Hotel (IDHotelu, NazwaHotelu, IloscGwiazdek, KrajH, MiejscowoscH, KodPocztowyH, UlicaH, NrBudynkuH) values (5, 'SUDPBWNA70B42BFIAKN 7DE2HO0T4ED45PPMNVO411YE3L3JT7', 1, 'RCJP8WWCS14Y779YONKC4MCKUOF1UOYDIW3K4W03J 4D4B7INJ', 'TRK6 C2DRVSN2MB6L6EQGQPOKQ3JOH1UJAD69Q3DF6 P5BU04E', 'QRD473', 'TX0I3XO7HJIFHI4DINL4CG3KCUE68TJ64JBXRJ5TNNQ8WO2LCV', 'U49HNTOB6L');

insert into Hotel (IDHotelu, NazwaHotelu, IloscGwiazdek, KrajH, MiejscowoscH, KodPocztowyH, UlicaH, NrBudynkuH) values (1, 'RDUKM1X1DROFOG3YBDMP29NF7JDCIS9G2XKAQSBBASG9D65C81', 4, 'FHJTL5E422GWI5VLLJOIE0TB4CTP2VKKS7XXMHEC79S 0PRT7H', ' U91A04OE681XOVPH46UX3IGMCNYQ0JQU3OCIQQT4N251653Y4', '4D4GTX', 'HG8BYLLMOLP0RNXMDF0T50KYUVHBLBV2CEUJXJ7XKPHGR5JEVB', '3TRHEL9KLM');

insert into Hotel (IDHotelu, NazwaHotelu, IloscGwiazdek, KrajH, MiejscowoscH, KodPocztowyH, UlicaH, NrBudynkuH) values (2, '7MANMTGL3CLQF3KY 2FN2ONMNF4LHMGYKG6Y3V1VKVPMSW5WTY', 2, 'TC9QXBF6ONCSCADLB2GQL98MS09V266NRXHY3NIOE663TG2862', 'KHF7B1X3F96SA1PJUG5NAROVU11M 375WFDMASM5 XA80PQ K6', 'NV2CJ4', '628FMLUKR4PSSFRC4NSFFCKC4N9R03B7R CFVMMVDFTYF6A15O', 'KRXLI6D7WB');

insert into Hotel (IDHotelu, NazwaHotelu, IloscGwiazdek, KrajH, MiejscowoscH, KodPocztowyH, UlicaH, NrBudynkuH) values (18, 'RO7977N0YWWKUT I L 86 8TKHJNOKXJ6QEAMQ2LB U14I MEV', 3, 'U1O4PSYXSGKL1 7GIDF40864DMO5X9DL1O8FCV5GPCXBDT60LP', ' SSLYGXVHI0T3UBLFJ33RJIP5FILH0BFMJH19TBYWM4XURLU7H', 'MNS9JS', 'N03H0PDODD X7WFXT717 L6 RLRNBH354XR05852NLS9VM NFQ', 'U0FXXTN5O6');

insert into TypPokoju (IDTypuPokoju, CenaP, IluOsobowy, LiczbaLozek, RodzajPokoju) values (9, 4, 19, 5, 'A');

insert into TypPokoju (IDTypuPokoju, CenaP, IluOsobowy, LiczbaLozek, RodzajPokoju) values (14, 11, 5, 3, 'B');

insert into TypPokoju (IDTypuPokoju, CenaP, IluOsobowy, LiczbaLozek, RodzajPokoju) values (8, 13, 8, 8, 'C');

insert into TypPokoju (IDTypuPokoju, CenaP, IluOsobowy, LiczbaLozek, RodzajPokoju) values (2, 19, 9, 7, 'D');

insert into TypPokoju (IDTypuPokoju, CenaP, IluOsobowy, LiczbaLozek, RodzajPokoju) values (18, 9, 6, 2, 'E');

insert into TypPokoju (IDTypuPokoju, CenaP, IluOsobowy, LiczbaLozek, RodzajPokoju) values (10, 10, 10, 16, 'F');

insert into TypPokoju (IDTypuPokoju, CenaP, IluOsobowy, LiczbaLozek, RodzajPokoju) values (16, 3, 14, 15, 'G');

insert into TypPokoju (IDTypuPokoju, CenaP, IluOsobowy, LiczbaLozek, RodzajPokoju) values (11, 5, 1, 19, 'H');

insert into TypPokoju (IDTypuPokoju, CenaP, IluOsobowy, LiczbaLozek, RodzajPokoju) values (5, 12, 17, 6, 'I');

insert into TypPokoju (IDTypuPokoju, CenaP, IluOsobowy, LiczbaLozek, RodzajPokoju) values (17, 1, 11, 18, ' ');

insert into TypPokoju (IDTypuPokoju, CenaP, IluOsobowy, LiczbaLozek, RodzajPokoju) values (3, 8, 16, 9, '0');

insert into TypPokoju (IDTypuPokoju, CenaP, IluOsobowy, LiczbaLozek, RodzajPokoju) values (1, 0, 7, 10, '1');

insert into TypPokoju (IDTypuPokoju, CenaP, IluOsobowy, LiczbaLozek, RodzajPokoju) values (15, 17, 2, 0, '2');

insert into TypPokoju (IDTypuPokoju, CenaP, IluOsobowy, LiczbaLozek, RodzajPokoju) values (4, 15, 18, 12, '3');

insert into TypPokoju (IDTypuPokoju, CenaP, IluOsobowy, LiczbaLozek, RodzajPokoju) values (19, 18, 13, 11, '4');

insert into TypPokoju (IDTypuPokoju, CenaP, IluOsobowy, LiczbaLozek, RodzajPokoju) values (12, 7, 4, 4, '5');

insert into TypPokoju (IDTypuPokoju, CenaP, IluOsobowy, LiczbaLozek, RodzajPokoju) values (7, 14, 3, 14, '6');

insert into TypPokoju (IDTypuPokoju, CenaP, IluOsobowy, LiczbaLozek, RodzajPokoju) values (0, 6, 0, 1, '7');

insert into TypPokoju (IDTypuPokoju, CenaP, IluOsobowy, LiczbaLozek, RodzajPokoju) values (6, 16, 15, 13, '8');

insert into TypPokoju (IDTypuPokoju, CenaP, IluOsobowy, LiczbaLozek, RodzajPokoju) values (13, 2, 12, 17, '9');

insert into UdogodnieniaPokoju (IDUdogodnieniaPokoju, Balkon, WidokNaMorze, Lazienka, Wanna, Prysznic, Barek, TV, WiFi, Klimatyzacja) values (5, '0', '3', '1', '4', '3', 'F', 'E', 'E', '6');

insert into UdogodnieniaPokoju (IDUdogodnieniaPokoju, Balkon, WidokNaMorze, Lazienka, Wanna, Prysznic, Barek, TV, WiFi, Klimatyzacja) values (11, '1', '4', '2', '5', '4', 'G', 'F', 'F', '7');

insert into UdogodnieniaPokoju (IDUdogodnieniaPokoju, Balkon, WidokNaMorze, Lazienka, Wanna, Prysznic, Barek, TV, WiFi, Klimatyzacja) values (0, '2', '5', '3', '6', '5', 'H', 'G', 'G', '8');

insert into UdogodnieniaPokoju (IDUdogodnieniaPokoju, Balkon, WidokNaMorze, Lazienka, Wanna, Prysznic, Barek, TV, WiFi, Klimatyzacja) values (6, '3', '6', '4', '7', '6', 'I', 'H', 'H', '9');

insert into UdogodnieniaPokoju (IDUdogodnieniaPokoju, Balkon, WidokNaMorze, Lazienka, Wanna, Prysznic, Barek, TV, WiFi, Klimatyzacja) values (16, '4', '7', '5', '8', '7', ' ', 'I', 'I', 'A');

insert into UdogodnieniaPokoju (IDUdogodnieniaPokoju, Balkon, WidokNaMorze, Lazienka, Wanna, Prysznic, Barek, TV, WiFi, Klimatyzacja) values (18, '5', '8', '6', '9', '8', '0', ' ', ' ', 'B');

insert into UdogodnieniaPokoju (IDUdogodnieniaPokoju, Balkon, WidokNaMorze, Lazienka, Wanna, Prysznic, Barek, TV, WiFi, Klimatyzacja) values (10, '6', '9', '7', 'A', '9', '1', '0', '0', 'C');

insert into UdogodnieniaPokoju (IDUdogodnieniaPokoju, Balkon, WidokNaMorze, Lazienka, Wanna, Prysznic, Barek, TV, WiFi, Klimatyzacja) values (9, '7', 'A', '8', 'B', 'A', '2', '1', '1', 'D');

insert into UdogodnieniaPokoju (IDUdogodnieniaPokoju, Balkon, WidokNaMorze, Lazienka, Wanna, Prysznic, Barek, TV, WiFi, Klimatyzacja) values (8, '8', 'B', '9', 'C', 'B', '3', '2', '2', 'E');

insert into UdogodnieniaPokoju (IDUdogodnieniaPokoju, Balkon, WidokNaMorze, Lazienka, Wanna, Prysznic, Barek, TV, WiFi, Klimatyzacja) values (7, '9', 'C', 'A', 'D', 'C', '4', '3', '3', 'F');

insert into UdogodnieniaPokoju (IDUdogodnieniaPokoju, Balkon, WidokNaMorze, Lazienka, Wanna, Prysznic, Barek, TV, WiFi, Klimatyzacja) values (12, 'A', 'D', 'B', 'E', 'D', '5', '4', '4', 'G');

insert into UdogodnieniaPokoju (IDUdogodnieniaPokoju, Balkon, WidokNaMorze, Lazienka, Wanna, Prysznic, Barek, TV, WiFi, Klimatyzacja) values (2, 'B', 'E', 'C', 'F', 'E', '6', '5', '5', 'H');

insert into UdogodnieniaPokoju (IDUdogodnieniaPokoju, Balkon, WidokNaMorze, Lazienka, Wanna, Prysznic, Barek, TV, WiFi, Klimatyzacja) values (17, 'C', 'F', 'D', 'G', 'F', '7', '6', '6', 'I');

insert into UdogodnieniaPokoju (IDUdogodnieniaPokoju, Balkon, WidokNaMorze, Lazienka, Wanna, Prysznic, Barek, TV, WiFi, Klimatyzacja) values (3, 'D', 'G', 'E', 'H', 'G', '8', '7', '7', ' ');

insert into UdogodnieniaPokoju (IDUdogodnieniaPokoju, Balkon, WidokNaMorze, Lazienka, Wanna, Prysznic, Barek, TV, WiFi, Klimatyzacja) values (15, 'E', 'H', 'F', 'I', 'H', '9', '8', '8', '0');

insert into UdogodnieniaPokoju (IDUdogodnieniaPokoju, Balkon, WidokNaMorze, Lazienka, Wanna, Prysznic, Barek, TV, WiFi, Klimatyzacja) values (14, 'F', 'I', 'G', ' ', 'I', 'A', '9', '9', '1');

insert into UdogodnieniaPokoju (IDUdogodnieniaPokoju, Balkon, WidokNaMorze, Lazienka, Wanna, Prysznic, Barek, TV, WiFi, Klimatyzacja) values (1, 'G', ' ', 'H', '0', ' ', 'B', 'A', 'A', '2');

insert into UdogodnieniaPokoju (IDUdogodnieniaPokoju, Balkon, WidokNaMorze, Lazienka, Wanna, Prysznic, Barek, TV, WiFi, Klimatyzacja) values (4, 'H', '0', 'I', '1', '0', 'C', 'B', 'B', '3');

insert into UdogodnieniaPokoju (IDUdogodnieniaPokoju, Balkon, WidokNaMorze, Lazienka, Wanna, Prysznic, Barek, TV, WiFi, Klimatyzacja) values (19, 'I', '1', ' ', '2', '1', 'D', 'C', 'C', '4');

insert into UdogodnieniaPokoju (IDUdogodnieniaPokoju, Balkon, WidokNaMorze, Lazienka, Wanna, Prysznic, Barek, TV, WiFi, Klimatyzacja) values (13, ' ', '2', '0', '3', '2', 'E', 'D', 'D', '5');

insert into Usluga (IDUslugi, CenaU, Restauracja, Basen, SPA, Sauna, Silownia, TransferLotniskowy, Parking) values (4, 4, '4', '8', '3', 'B', 'B', 'A', '6');

insert into Usluga (IDUslugi, CenaU, Restauracja, Basen, SPA, Sauna, Silownia, TransferLotniskowy, Parking) values (8, 17, '5', '9', '4', 'C', 'C', 'B', '7');

insert into Usluga (IDUslugi, CenaU, Restauracja, Basen, SPA, Sauna, Silownia, TransferLotniskowy, Parking) values (3, 12, '6', 'A', '5', 'D', 'D', 'C', '8');

insert into Usluga (IDUslugi, CenaU, Restauracja, Basen, SPA, Sauna, Silownia, TransferLotniskowy, Parking) values (11, 19, '7', 'B', '6', 'E', 'E', 'D', '9');

insert into Usluga (IDUslugi, CenaU, Restauracja, Basen, SPA, Sauna, Silownia, TransferLotniskowy, Parking) values (15, 1, '8', 'C', '7', 'F', 'F', 'E', 'A');

insert into Usluga (IDUslugi, CenaU, Restauracja, Basen, SPA, Sauna, Silownia, TransferLotniskowy, Parking) values (13, 8, '9', 'D', '8', 'G', 'G', 'F', 'B');

insert into Usluga (IDUslugi, CenaU, Restauracja, Basen, SPA, Sauna, Silownia, TransferLotniskowy, Parking) values (16, 18, 'A', 'E', '9', 'H', 'H', 'G', 'C');

insert into Usluga (IDUslugi, CenaU, Restauracja, Basen, SPA, Sauna, Silownia, TransferLotniskowy, Parking) values (9, 11, 'B', 'F', 'A', 'I', 'I', 'H', 'D');

insert into Usluga (IDUslugi, CenaU, Restauracja, Basen, SPA, Sauna, Silownia, TransferLotniskowy, Parking) values (14, 10, 'C', 'G', 'B', ' ', ' ', 'I', 'E');

insert into Usluga (IDUslugi, CenaU, Restauracja, Basen, SPA, Sauna, Silownia, TransferLotniskowy, Parking) values (5, 15, 'D', 'H', 'C', '0', '0', ' ', 'F');

insert into Usluga (IDUslugi, CenaU, Restauracja, Basen, SPA, Sauna, Silownia, TransferLotniskowy, Parking) values (2, 9, 'E', 'I', 'D', '1', '1', '0', 'G');

insert into Usluga (IDUslugi, CenaU, Restauracja, Basen, SPA, Sauna, Silownia, TransferLotniskowy, Parking) values (17, 13, 'F', ' ', 'E', '2', '2', '1', 'H');

insert into Usluga (IDUslugi, CenaU, Restauracja, Basen, SPA, Sauna, Silownia, TransferLotniskowy, Parking) values (12, 16, 'G', '0', 'F', '3', '3', '2', 'I');

insert into Usluga (IDUslugi, CenaU, Restauracja, Basen, SPA, Sauna, Silownia, TransferLotniskowy, Parking) values (1, 3, 'H', '1', 'G', '4', '4', '3', ' ');

insert into Usluga (IDUslugi, CenaU, Restauracja, Basen, SPA, Sauna, Silownia, TransferLotniskowy, Parking) values (19, 6, 'I', '2', 'H', '5', '5', '4', '0');

insert into Usluga (IDUslugi, CenaU, Restauracja, Basen, SPA, Sauna, Silownia, TransferLotniskowy, Parking) values (7, 5, ' ', '3', 'I', '6', '6', '5', '1');

insert into Usluga (IDUslugi, CenaU, Restauracja, Basen, SPA, Sauna, Silownia, TransferLotniskowy, Parking) values (6, 0, '0', '4', ' ', '7', '7', '6', '2');

insert into Usluga (IDUslugi, CenaU, Restauracja, Basen, SPA, Sauna, Silownia, TransferLotniskowy, Parking) values (18, 7, '1', '5', '0', '8', '8', '7', '3');

insert into Usluga (IDUslugi, CenaU, Restauracja, Basen, SPA, Sauna, Silownia, TransferLotniskowy, Parking) values (0, 2, '2', '6', '1', '9', '9', '8', '4');

insert into Usluga (IDUslugi, CenaU, Restauracja, Basen, SPA, Sauna, Silownia, TransferLotniskowy, Parking) values (10, 14, '3', '7', '2', 'A', 'A', '9', '5');

insert into FK_Hotel_Usluga (IDHotelu, IDUslugi) values (7, 4);

insert into FK_Hotel_Usluga (IDHotelu, IDUslugi) values (0, 8);

insert into FK_Hotel_Usluga (IDHotelu, IDUslugi) values (6, 3);

insert into FK_Hotel_Usluga (IDHotelu, IDUslugi) values (15, 11);

insert into FK_Hotel_Usluga (IDHotelu, IDUslugi) values (3, 15);

insert into FK_Hotel_Usluga (IDHotelu, IDUslugi) values (11, 13);

insert into FK_Hotel_Usluga (IDHotelu, IDUslugi) values (16, 16);

insert into FK_Hotel_Usluga (IDHotelu, IDUslugi) values (9, 9);

insert into FK_Hotel_Usluga (IDHotelu, IDUslugi) values (13, 14);

insert into FK_Hotel_Usluga (IDHotelu, IDUslugi) values (4, 5);

insert into FK_Hotel_Usluga (IDHotelu, IDUslugi) values (10, 2);

insert into FK_Hotel_Usluga (IDHotelu, IDUslugi) values (19, 17);

insert into FK_Hotel_Usluga (IDHotelu, IDUslugi) values (17, 12);

insert into FK_Hotel_Usluga (IDHotelu, IDUslugi) values (8, 1);

insert into FK_Hotel_Usluga (IDHotelu, IDUslugi) values (14, 19);

insert into FK_Hotel_Usluga (IDHotelu, IDUslugi) values (12, 7);

insert into FK_Hotel_Usluga (IDHotelu, IDUslugi) values (5, 6);

insert into FK_Hotel_Usluga (IDHotelu, IDUslugi) values (1, 18);

insert into FK_Hotel_Usluga (IDHotelu, IDUslugi) values (2, 0);

insert into FK_Hotel_Usluga (IDHotelu, IDUslugi) values (18, 10);

insert into Pracownik (IDOsoby, IDHotelu, Imie, Nazwisko, PESEL, NrPaszportu, Miejscowosc, KodPocztowy, Ulica, NrBudynku, NrMieszkania, NrTelefonu, StanPracownika) values (5, 0, 'DX4QOOPRFK8UAF4NTGKHDHV DKM71HDBNJOXDQ8GL8XD31NVCT', '8GVQ3FG5UTAD728D8 RLYJUXF9PXE0W7WGE24NTTNB0ENIPKYH', 'RASB549Q5FA', '407 AQ W6', 'T2AKOWA2IVWW0DS49QPYYLRVBE6SU7NQ36CG6RDIQH4WWAA0QF', '7VGU9F', '7FWXSO DM8IQ4RW66J9BV8BANK97IWAP316LFCDB16DCB5LBYU', 'B0TS7OIKHV', '20YGAEP G7', 'W25CK476QJ5IYS320DW7TQ', '9');

insert into Pracownik (IDOsoby, IDHotelu, Imie, Nazwisko, PESEL, NrPaszportu, Miejscowosc, KodPocztowy, Ulica, NrBudynku, NrMieszkania, NrTelefonu, StanPracownika) values (10, 12, 'CM2MMD4K3T6AQS89MVWJCTE59ILYU3QRO8AP3AIVRI8YS8DR56', 'JSK66VQ7342RCULE0DGXT DOGJY14LIPRWCKSKVIB42C456W3Q', '5 NOF CBO77', 'DEV34M98V', 'C1168J OB12UPUBFYL3V1W1DUE810XPUHQ1L5MRAJ5CNKBPHGA', 'AYU9AO', 'JW VT KM0L IX4TELQWUI47Q55X19S1GSLMATF7HNHNJG6EL6L', 'FF6D89S955', 'H8DTNWJJYD', 'OGQ0AYB9A6PABGBHCIEKBX', 'A');

insert into Pracownik (IDOsoby, IDHotelu, Imie, Nazwisko, PESEL, NrPaszportu, Miejscowosc, KodPocztowy, Ulica, NrBudynku, NrMieszkania, NrTelefonu, StanPracownika) values (19, 6, 'VR9G8EHPOV2HXV4UII1M6WPAHQ0LMH7GNEDHYOIG5MWM6GU346', '7CG0A8ROP497U LWNRMHNRR7TQIJP4F 01MHVWFF49WG29HJIW', 'AGEIOF0UJI ', 'S3CI607MT', 'QJNFXA YON1 64U0DYKAHYPRXXKM3025KNY5K3CB6SU1TI53KU', '1S LFJ', 'RLE6BGC W1H24S817FQOUIBKPLGL37B4B3W2RGUDPQR0YNIKVA', '9DFDXC0PQX', 'PLSRSF2PN2', ' UUSI8VT8HDU3639NW1VDH', 'B');

insert into Pracownik (IDOsoby, IDHotelu, Imie, Nazwisko, PESEL, NrPaszportu, Miejscowosc, KodPocztowy, Ulica, NrBudynku, NrMieszkania, NrTelefonu, StanPracownika) values (6, 3, 'EQ6SO38619 OABLN7MRLXANE Q7PQNF3AMWH2 L4L7WDKFY1F1', 'LUGW7C4M3SYGCQ0C3M9A4R 1YI2KAS6I0B8QQ9QWP9JWIU648S', '7J3VMILW3HB', 'T1HNC60SN', 'YGNIMTALC 0QW18J2WPLNJRIBPY6YICE5UCVYI10 HMC 3J4K8', 'WQY6L6', 'SC5BH9J23OVGV5 DDVBB04Q6M02E1B4E0B0QBL9FTG4S9B1NYK', 'NJBGWXJQ9G', ' S 532T8KJ', 'R34JP7412P0T4FQPT14RED', 'C');

insert into Pracownik (IDOsoby, IDHotelu, Imie, Nazwisko, PESEL, NrPaszportu, Miejscowosc, KodPocztowy, Ulica, NrBudynku, NrMieszkania, NrTelefonu, StanPracownika) values (3, 9, 'AG QSP6I5HC7LVYP7QX2LONU6CXIVEVILEJD2AI8HHSGPIU1C1', 'ABBW1E0ID2N0IYJA3PMK9U1FI5CLCUO0DOWKEFFGU37JN5JWSU', 'U2GE4JIFUCG', 'A96II7ATJ', 'VOK0LIOENEQ0KADXEU9C03XVQO9RDTDK48LD2 NBIGWQ8PB 9E', 'IHMKU1', 'V7V0WO9Q6VJC53ED4YV0SX7R17X29NVWL851FVL646UEMR1FW1', 'HF9MTC06S7', '1BJ8WM74FD', 'U0IRYLECOMSP2AJNVCO3JK', 'D');

insert into Pracownik (IDOsoby, IDHotelu, Imie, Nazwisko, PESEL, NrPaszportu, Miejscowosc, KodPocztowy, Ulica, NrBudynku, NrMieszkania, NrTelefonu, StanPracownika) values (1, 0, '0E788807VBETJ95C6UX54M67Y6U7I3YPN4AFMW29KKJMK3SY1S', '27DQL2II669L83B6QH1EMBR6HW3PAM7QJQESPECSTL9KN24626', '0QJHF1VDMK9', 'HJEEDICLE', '232B4RUHKSVKW1988HONAGVNR JD12 ISTBNTJ3MO49WVLPLSK', 'JY8WGB', 'E2VO80QQ20425XIOA3UE B20W D3XQWHK0VTRUFWAHTPT2QC6W', 'GJ6VAUUEOC', 'DBVHHE9DS2', 'DW3ND9JRLO57Q96WVCSHCN', 'E');

insert into Pracownik (IDOsoby, IDHotelu, Imie, Nazwisko, PESEL, NrPaszportu, Miejscowosc, KodPocztowy, Ulica, NrBudynku, NrMieszkania, NrTelefonu, StanPracownika) values (7, 17, 'MMB0JVB3UHO 3SXEM96XDQT23HADRO1VFBK9BJ02K39A95GEUX', 'MLXEGGGG2CX6DG1MAENU EFJC IEXIH0GEJAIKIDESKLJOV2PW', 'F0EPPEP5 VH', '6LDG1RARY', '3Q5KODGFTK0 C3OU0MQBAY73YUIYJCI34037J 6 I14CS7 RK9', 'TDE0HS', 'CVRIAP0BXW0SWDFXSHJ7ISOM6COXMJ1UT05BB4XGD 1EQAFOCW', 'AOP0O9M1C8', 'X56J4VYCY8', 'R1ENMV0GTHCFPSH0F4H408', 'F');

insert into Pracownik (IDOsoby, IDHotelu, Imie, Nazwisko, PESEL, NrPaszportu, Miejscowosc, KodPocztowy, Ulica, NrBudynku, NrMieszkania, NrTelefonu, StanPracownika) values (13, 10, 'GXCH3NUB5WRRNTE1IPN0UWR594AFNEJ 7 U9J5ICR4U93DN0X9', 'N2J7JK82COYL31H5MTLMEILR650KS2XOR4BM6 73NUPCC4B964', 'MOI6Q9T1HJA', 'A4KCHQ66I', 'Y2VDR8JWCNIILURUFOSVVVC6MLBUTII51GYSSEP8EW044U41W3', '9AJBKT', '9DJ0MDNSJHM4L8RG9NQMT7K7TLHCGWVAHT7O0GDW2VCIV3B05M', 'SQCHO116O8', 'XF9QVRTBTI', 'EMTSW3V3I681JNU1N844EM', 'G');

insert into Pracownik (IDOsoby, IDHotelu, Imie, Nazwisko, PESEL, NrPaszportu, Miejscowosc, KodPocztowy, Ulica, NrBudynku, NrMieszkania, NrTelefonu, StanPracownika) values (11, 11, '3V9I0 V4H1GL868T5IXHO3XXH 592NRCLJFRV8IJH7KBAMKKWJ', 'LBBNS4OFCR0EW6Y7PLPU9DP5Q92 856MHWU7TLTB7K1K7T6YBN', 'X3CF4PQCSUE', '14XJ5ITAH', 'BIIJ1R9UQ569KFU1A7OPCE2U3B0DJ LCQDVRK834C71GMQQ2AK', '0BDRWS', 'B375YEXRA7S0DWODEH3B4LUNKLD7CFQP1Y2ONIYIK337I A34L', '89RV5A414I', 'PCDD0KDGRP', '2V2KA267SBK3EXUN2P3O70', 'H');

insert into Pracownik (IDOsoby, IDHotelu, Imie, Nazwisko, PESEL, NrPaszportu, Miejscowosc, KodPocztowy, Ulica, NrBudynku, NrMieszkania, NrTelefonu, StanPracownika) values (12, 19, 'QKT9KTLHABIO4XJ42LSTM2GU9V NF15D0CBYRPG5PDP37HNLM ', 'X318S2TBL06BH G3 G44BWFOVY3265WR1BU12EV0IGP9U7S75F', 'G1YK7JQNNIM', 'E KF9U6L ', 'OKIK4AG773EL12AYRM2HN3947UO7FL1X0NCGTVHWHVDB7RVRRE', '83 04U', 'I9DSDK7VY6BHVL 6R EFASSOHHKWKCJQCB6E2NDAYCD1AAE91Y', 'UKXUI3J6YF', 'AN6F93BVLA', 'FGJ 7BEGTAAKT64RWCYMY0', 'I');

insert into Pracownik (IDOsoby, IDHotelu, Imie, Nazwisko, PESEL, NrPaszportu, Miejscowosc, KodPocztowy, Ulica, NrBudynku, NrMieszkania, NrTelefonu, StanPracownika) values (16, 10, '4WVXTRILJX2FEVKTHIR6R55BC5H36O6X5 5XIIYW2D1JHMRYKI', 'TISN FVMIHQXCINYL7K6XF A3HWK115 QPS91MUI0LENPYR9X4', 'KI63DG23CW9', 'IDM9V5P53', 'SYSB33FGWK2FAARY97Q 7MIU62EM2FFP6MW29BCLO179FSWQOM', 'K90R57', 'N5BQN8GKI QQ 71BCF6AAE1XBXN2O83CIOAVYKW0 MW8YRJW9V', 'U0W28M  45', '2KKKLE J7Y', '1HJOS7UH12XP4TPSKTXRIU', ' ');

insert into Pracownik (IDOsoby, IDHotelu, Imie, Nazwisko, PESEL, NrPaszportu, Miejscowosc, KodPocztowy, Ulica, NrBudynku, NrMieszkania, NrTelefonu, StanPracownika) values (8, 9, 'Y8LE4 YGI9MVHH UCDUDV5L5YPR0PTNWWHJLND2SY21GXNQGO4', 'AR76GB7J9KRX6P9NNOVL ATYQ27PT6494S4BU4L1D1SRV HAS7', 'KD3F6FJGS9D', '6 K1P90C7', 'WU9LWGQEDO2H8HR1NGR1JUHFRFGJEGBXPF016H4CAQRLIUC67B', 'SFUMDX', ' 2E7CSL3JIFNIMO1DYOY4598212Q2F TKV7BCOAFFGBL94L9N ', 'KMO60PWN12', 'TEOT597VJU', 'CCQ MXL3 IO USCT5K0N2J', '0');

insert into Pracownik (IDOsoby, IDHotelu, Imie, Nazwisko, PESEL, NrPaszportu, Miejscowosc, KodPocztowy, Ulica, NrBudynku, NrMieszkania, NrTelefonu, StanPracownika) values (17, 3, 'JH6T1SMSU83IRSC0F9KD CR6SIKJD7DJOQIC71 4W8C3TP4HNO', 'X9VDT7527WLI14T57JG1IMM33X9 7OEDV1J2JY0Y88DUB71030', ' P290G 8KEI', 'R8WUGS OP', '7HF2Y 454N00  2GG9QVKGPBOFK9RN3B  FEWL0DSBGFM35G7J', 'OWLKK5', 'Y9U3986L5 B39BXWGT027WN09OQV9H2B2U6QM41O5VFUGG2M0E', 'RT9A0J3 R0', 'OFLEQADBB6', 'DDXSKS5 AAWJTRFU6JNP43', '1');

insert into Pracownik (IDOsoby, IDHotelu, Imie, Nazwisko, PESEL, NrPaszportu, Miejscowosc, KodPocztowy, Ulica, NrBudynku, NrMieszkania, NrTelefonu, StanPracownika) values (9, 12, 'A00IXPOU3BSNXJUR2AUY6PDRGROD92XWUBCXNCX4W2QPWKX1R5', 'Y5RWB3PERMSTM1ETDB5VI7YWRG53GWPGHFWLMQYN8PASI9H56 ', 'AQ5IQ8I2NLQ', '6GKOAWA6V', 'WXGSKS0OJH3J8W0USABKNUFQE4E4MSM9X9B1ACK1IHJH 7XEOF', '6S0MNH', 'L9QIILA1SQFRIJIMNPJDED7CVFMEQRW7WBY97WLEKCGBTJT18G', 'XXWLNA19A9', '9EW7WWCHIU', 'T5HN3YBE2MH86F4A2DIEDB', '2');

insert into Pracownik (IDOsoby, IDHotelu, Imie, Nazwisko, PESEL, NrPaszportu, Miejscowosc, KodPocztowy, Ulica, NrBudynku, NrMieszkania, NrTelefonu, StanPracownika) values (2, 11, 'ITM2 KLF8BPHI96JE08H49L30 OT3ACKSWNIYR X09KMCG4G7H', 'KOUM9MTJGCII 3KJ4EOX8MXOGO0F707L832B3P XRLLV3Q4Y81', 'KS4 I4VDIEM', '18CPWFIT8', '9SK4P6DQJHIJLQWOVBLTVAHMGO3A237T2QRG0VR7J3BKSEWB C', '58LXA7', 'YKW ITKCFAQCAX02M7UWHXP3CBMGT279E823KAUW9DPOJTH44F', '8DV4GRTQ2E', 'I963JF09X7', '2FMLOEOS6WLHCJFP2B864V', '3');

insert into Pracownik (IDOsoby, IDHotelu, Imie, Nazwisko, PESEL, NrPaszportu, Miejscowosc, KodPocztowy, Ulica, NrBudynku, NrMieszkania, NrTelefonu, StanPracownika) values (4, 0, '51G68NBADKXVV9N62YOEPI8V753SXEX9SOXLM380D6V4IGJN2X', 'HW3WHUNL 9RX2KCW3NMW4B9G3CENIYQCX6AJYAVR7PL T PUU9', 'BIX79ERE39X', 'EI38NN 2O', 'P 37CFDSQVBBCQ5BM A5YQ FWJGPULMB7A0MVRY1HJBI0R21XK', '7DWGV6', 'DTIE76SYKSD7D34 EMWAE63T6C4MAVG1Q6A3JK4H47LGUR G7Q', 'YNMQGPIILD', 'QKAX0V9VA1', 'IX FIWJDC90LK4D0EXFOK1', '4');

insert into Pracownik (IDOsoby, IDHotelu, Imie, Nazwisko, PESEL, NrPaszportu, Miejscowosc, KodPocztowy, Ulica, NrBudynku, NrMieszkania, NrTelefonu, StanPracownika) values (14, 5, 'R0BT7MHM9 YN GY7AG6LH5M 6JVISM2J6  J27G5SF6IMJL0RI', '4JH7UN5HBPEIR4UJO4SVUCCY7TVUST234IQT UY6I80H55Y2CR', 'XU4KU13K9PN', 'V1V7RO  O', '5C6VLHIWJ3M7Y 3 3DSS17ALA5 OLWWTXTLBBSTVL3X5CMQ4IC', 'HN82 I', 'ASE2LYN7POSJE7RUOSI1B7RQOF7UHASWLFC640GE3SO1834UMT', 'CVMQ15NV66', 'QTACXX0LE0', 'F2JW9N2 8FLHPOB2480Y35', '5');

insert into Pracownik (IDOsoby, IDHotelu, Imie, Nazwisko, PESEL, NrPaszportu, Miejscowosc, KodPocztowy, Ulica, NrBudynku, NrMieszkania, NrTelefonu, StanPracownika) values (0, 0, 'WEO5AUHGAPKNKF9GLDWPCD1B7C16UYUBFOCMN6T0PH2MAQTBL4', 'X7VJ JCH3SRLFC77Y7VSHKQ6UHBDX3G6KQ0MLAUQQCC5JI4JN4', 'JFRDAX7GW8 ', 'C7M53LNYV', 'PK89FNOKE3QCSTCM H0AI63C623QNKQSFRHDD0B0EJK373NAYA', ' F3US ', 'C31ERO17EOU7ATVA6YKDVE8B750WHM82P2LFCK7ETEWWTIC 9K', 'CIET16R6SD', 'J4DE8T0SCL', 'WX GUEG07JQNFORW99BWQD', '6');

insert into Pracownik (IDOsoby, IDHotelu, Imie, Nazwisko, PESEL, NrPaszportu, Miejscowosc, KodPocztowy, Ulica, NrBudynku, NrMieszkania, NrTelefonu, StanPracownika) values (18, 5, 'QCHGRNCKBFYIL44RYJ5WN0Q6AM46 A5JERE447JKFHEKB2YWU3', 'BAP3YXWUEN89DHFNVWK8QOFR1CWCUYN7U3GH8HHR5YEHMFMXRN', 'HRRI 2OSULE', 'GI1GQPMLR', 'BE02GOYGXXHADFO4V BS4TM2QB TTR9YG05PJW5OHHOQOKUTBG', '24JXO ', 'NC3V95WEEVDRUYN1YONBU67X55CADPC2LD7UGQR3QA69UDMWOI', 'XHD HOUIU9', 'ISHJNS4BVK', 'TQMXES90OAC2NLNGPS5BKI', '7');

insert into Pracownik (IDOsoby, IDHotelu, Imie, Nazwisko, PESEL, NrPaszportu, Miejscowosc, KodPocztowy, Ulica, NrBudynku, NrMieszkania, NrTelefonu, StanPracownika) values (15, 15, 'DGU6N9730XFU3GPSRJNIDSAYQNV KH8S1VOXE7NP5R39VPEJFI', '7R64B2X5VXGGBSJ2HQVBF517PYUALBO8QHIAS5RJSK6JA292G4', 'IE454FCXQOD', 'FU EG0OR0', 'D4T0C7TF67FN9PXT4OXIDVGKW1KT66YSW0UMPSKD5ANM61GYMB', '8UNYO6', 'Q V8T QRQQG4L5DT6J9 5B GBAUSHB3DJ19R51HHUO9HKFL6YK', 'YE 7  03PD', 'SLS254HL72', 'U5FXMU51YTROL0YLM40ES4', '8');

insert into Pokoj (NrPokoju, IDTypuPokoju, IDHotelu, Stan) values (5, 9, 7, 'H');

insert into Pokoj (NrPokoju, IDTypuPokoju, IDHotelu, Stan) values (0, 7, 16, 'I');

insert into Pokoj (NrPokoju, IDTypuPokoju, IDHotelu, Stan) values (15, 12, 1, ' ');

insert into Pokoj (NrPokoju, IDTypuPokoju, IDHotelu, Stan) values (16, 15, 17, '0');

insert into Pokoj (NrPokoju, IDTypuPokoju, IDHotelu, Stan) values (18, 9, 3, '1');

insert into Pokoj (NrPokoju, IDTypuPokoju, IDHotelu, Stan) values (11, 10, 8, '2');

insert into Pokoj (NrPokoju, IDTypuPokoju, IDHotelu, Stan) values (19, 3, 15, '3');

insert into Pokoj (NrPokoju, IDTypuPokoju, IDHotelu, Stan) values (7, 4, 0, '4');

insert into Pokoj (NrPokoju, IDTypuPokoju, IDHotelu, Stan) values (6, 11, 13, '5');

insert into Pokoj (NrPokoju, IDTypuPokoju, IDHotelu, Stan) values (4, 7, 16, '6');

insert into Pokoj (NrPokoju, IDTypuPokoju, IDHotelu, Stan) values (12, 5, 8, '7');

insert into Pokoj (NrPokoju, IDTypuPokoju, IDHotelu, Stan) values (13, 6, 8, '8');

insert into Pokoj (NrPokoju, IDTypuPokoju, IDHotelu, Stan) values (2, 17, 12, '9');

insert into Pokoj (NrPokoju, IDTypuPokoju, IDHotelu, Stan) values (9, 19, 2, 'A');

insert into Pokoj (NrPokoju, IDTypuPokoju, IDHotelu, Stan) values (8, 15, 12, 'B');

insert into Pokoj (NrPokoju, IDTypuPokoju, IDHotelu, Stan) values (3, 19, 6, 'C');

insert into Pokoj (NrPokoju, IDTypuPokoju, IDHotelu, Stan) values (17, 7, 16, 'D');

insert into Pokoj (NrPokoju, IDTypuPokoju, IDHotelu, Stan) values (1, 2, 7, 'E');

insert into Pokoj (NrPokoju, IDTypuPokoju, IDHotelu, Stan) values (14, 3, 2, 'F');

insert into Pokoj (NrPokoju, IDTypuPokoju, IDHotelu, Stan) values (10, 2, 0, 'G');

insert into FK_Pokoj_UdogodnieniaPokoju (NrPokoju, IDUdogodnieniaPokoju) values (5, 5);

insert into FK_Pokoj_UdogodnieniaPokoju (NrPokoju, IDUdogodnieniaPokoju) values (0, 11);

insert into FK_Pokoj_UdogodnieniaPokoju (NrPokoju, IDUdogodnieniaPokoju) values (15, 0);

insert into FK_Pokoj_UdogodnieniaPokoju (NrPokoju, IDUdogodnieniaPokoju) values (16, 6);

insert into FK_Pokoj_UdogodnieniaPokoju (NrPokoju, IDUdogodnieniaPokoju) values (18, 16);

insert into FK_Pokoj_UdogodnieniaPokoju (NrPokoju, IDUdogodnieniaPokoju) values (11, 18);

insert into FK_Pokoj_UdogodnieniaPokoju (NrPokoju, IDUdogodnieniaPokoju) values (19, 10);

insert into FK_Pokoj_UdogodnieniaPokoju (NrPokoju, IDUdogodnieniaPokoju) values (7, 9);

insert into FK_Pokoj_UdogodnieniaPokoju (NrPokoju, IDUdogodnieniaPokoju) values (6, 8);

insert into FK_Pokoj_UdogodnieniaPokoju (NrPokoju, IDUdogodnieniaPokoju) values (4, 7);

insert into FK_Pokoj_UdogodnieniaPokoju (NrPokoju, IDUdogodnieniaPokoju) values (12, 12);

insert into FK_Pokoj_UdogodnieniaPokoju (NrPokoju, IDUdogodnieniaPokoju) values (13, 2);

insert into FK_Pokoj_UdogodnieniaPokoju (NrPokoju, IDUdogodnieniaPokoju) values (2, 17);

insert into FK_Pokoj_UdogodnieniaPokoju (NrPokoju, IDUdogodnieniaPokoju) values (9, 3);

insert into FK_Pokoj_UdogodnieniaPokoju (NrPokoju, IDUdogodnieniaPokoju) values (8, 15);

insert into FK_Pokoj_UdogodnieniaPokoju (NrPokoju, IDUdogodnieniaPokoju) values (3, 14);

insert into FK_Pokoj_UdogodnieniaPokoju (NrPokoju, IDUdogodnieniaPokoju) values (17, 1);

insert into FK_Pokoj_UdogodnieniaPokoju (NrPokoju, IDUdogodnieniaPokoju) values (1, 4);

insert into FK_Pokoj_UdogodnieniaPokoju (NrPokoju, IDUdogodnieniaPokoju) values (14, 19);

insert into FK_Pokoj_UdogodnieniaPokoju (NrPokoju, IDUdogodnieniaPokoju) values (10, 13);

insert into Rezerwacja (NrPokoju, IDRezerwacji, DataOD, DataDO) values (5, 2, '571-9-22', '1620-6-23');

insert into Rezerwacja (NrPokoju, IDRezerwacji, DataOD, DataDO) values (0, 13, '326-2-19', '285-1-28');

insert into Rezerwacja (NrPokoju, IDRezerwacji, DataOD, DataDO) values (15, 12, '1097-10-29', '782-11-13');

insert into Rezerwacja (NrPokoju, IDRezerwacji, DataOD, DataDO) values (16, 4, '1566-7-29', '702-6-26');

insert into Rezerwacja (NrPokoju, IDRezerwacji, DataOD, DataDO) values (18, 8, '1504-4-13', '542-6-15');

insert into Rezerwacja (NrPokoju, IDRezerwacji, DataOD, DataDO) values (11, 6, '1810-5-16', '1298-5-5');

insert into Rezerwacja (NrPokoju, IDRezerwacji, DataOD, DataDO) values (19, 10, '498-8-2', '914-12-20');

insert into Rezerwacja (NrPokoju, IDRezerwacji, DataOD, DataDO) values (7, 15, '1448-8-27', '1786-2-4');

insert into Rezerwacja (NrPokoju, IDRezerwacji, DataOD, DataDO) values (6, 5, '654-12-10', '1558-11-21');

insert into Rezerwacja (NrPokoju, IDRezerwacji, DataOD, DataDO) values (4, 19, '768-10-21', '1031-10-23');

insert into Rezerwacja (NrPokoju, IDRezerwacji, DataOD, DataDO) values (12, 1, '250-7-19', '184-2-14');

insert into Rezerwacja (NrPokoju, IDRezerwacji, DataOD, DataDO) values (13, 14, '1220-9-18', '1907-10-4');

insert into Rezerwacja (NrPokoju, IDRezerwacji, DataOD, DataDO) values (2, 16, '1-1-1', '51-6-11');

insert into Rezerwacja (NrPokoju, IDRezerwacji, DataOD, DataDO) values (9, 18, '869-1-18', '1-1-1');

insert into Rezerwacja (NrPokoju, IDRezerwacji, DataOD, DataDO) values (8, 17, '1360-9-15', '1177-5-19');

insert into Rezerwacja (NrPokoju, IDRezerwacji, DataOD, DataDO) values (3, 11, '1714-2-7', '353-9-22');

insert into Rezerwacja (NrPokoju, IDRezerwacji, DataOD, DataDO) values (17, 0, '1008-9-16', '623-8-9');

insert into Rezerwacja (NrPokoju, IDRezerwacji, DataOD, DataDO) values (1, 7, '76-7-15', '1431-11-22');

insert into Rezerwacja (NrPokoju, IDRezerwacji, DataOD, DataDO) values (14, 9, '437-1-27', '403-10-5');

insert into Rezerwacja (NrPokoju, IDRezerwacji, DataOD, DataDO) values (10, 3, '141-6-19', '1693-8-5');

insert into DyzurPracyPracownika (NrPokoju, IDOsoby, DatOD, DatDO) values (5, 5, '325-3-7', '1289-12-7');

insert into DyzurPracyPracownika (NrPokoju, IDOsoby, DatOD, DatDO) values (0, 10, '684-11-29', '629-4-4');

insert into DyzurPracyPracownika (NrPokoju, IDOsoby, DatOD, DatDO) values (15, 19, '145-4-13', '71-2-19');

insert into DyzurPracyPracownika (NrPokoju, IDOsoby, DatOD, DatDO) values (16, 6, '463-12-26', '460-9-3');

insert into DyzurPracyPracownika (NrPokoju, IDOsoby, DatOD, DatDO) values (18, 3, '1356-12-20', '885-10-12');

insert into DyzurPracyPracownika (NrPokoju, IDOsoby, DatOD, DatDO) values (11, 1, '237-2-3', '364-3-5');

insert into DyzurPracyPracownika (NrPokoju, IDOsoby, DatOD, DatDO) values (19, 7, '607-7-13', '1573-1-16');

insert into DyzurPracyPracownika (NrPokoju, IDOsoby, DatOD, DatDO) values (7, 13, '1850-11-23', '1181-12-7');

insert into DyzurPracyPracownika (NrPokoju, IDOsoby, DatOD, DatDO) values (6, 11, '1580-5-12', '1859-4-15');

insert into DyzurPracyPracownika (NrPokoju, IDOsoby, DatOD, DatDO) values (4, 12, '1-1-1', '1634-10-1');

insert into DyzurPracyPracownika (NrPokoju, IDOsoby, DatOD, DatDO) values (12, 16, '757-2-10', '1-1-1');

insert into DyzurPracyPracownika (NrPokoju, IDOsoby, DatOD, DatDO) values (13, 8, '1513-5-22', '744-3-9');

insert into DyzurPracyPracownika (NrPokoju, IDOsoby, DatOD, DatDO) values (2, 17, '867-4-29', '1996-5-2');

insert into DyzurPracyPracownika (NrPokoju, IDOsoby, DatOD, DatDO) values (9, 9, '1124-4-25', '1685-8-9');

insert into DyzurPracyPracownika (NrPokoju, IDOsoby, DatOD, DatDO) values (8, 2, '985-5-16', '1034-4-14');

insert into DyzurPracyPracownika (NrPokoju, IDOsoby, DatOD, DatDO) values (3, 4, '1425-5-9', '1430-10-4');

insert into DyzurPracyPracownika (NrPokoju, IDOsoby, DatOD, DatDO) values (17, 14, '1265-2-21', '292-6-4');

insert into DyzurPracyPracownika (NrPokoju, IDOsoby, DatOD, DatDO) values (1, 0, '1716-8-17', '570-5-4');

insert into DyzurPracyPracownika (NrPokoju, IDOsoby, DatOD, DatDO) values (14, 18, '1177-8-19', '1789-8-5');

insert into DyzurPracyPracownika (NrPokoju, IDOsoby, DatOD, DatDO) values (10, 15, '1635-2-13', '207-6-13');

insert into PozycjaRezerwacji (IDHotelu, NrPokoju, IDRezerwacji, IDUslugi) values (7, 5, 2, 4);

insert into PozycjaRezerwacji (IDHotelu, NrPokoju, IDRezerwacji, IDUslugi) values (0, 0, 13, 8);

insert into PozycjaRezerwacji (IDHotelu, NrPokoju, IDRezerwacji, IDUslugi) values (6, 15, 12, 3);

insert into PozycjaRezerwacji (IDHotelu, NrPokoju, IDRezerwacji, IDUslugi) values (15, 16, 4, 11);

insert into PozycjaRezerwacji (IDHotelu, NrPokoju, IDRezerwacji, IDUslugi) values (3, 18, 8, 15);

insert into PozycjaRezerwacji (IDHotelu, NrPokoju, IDRezerwacji, IDUslugi) values (11, 11, 6, 13);

insert into PozycjaRezerwacji (IDHotelu, NrPokoju, IDRezerwacji, IDUslugi) values (16, 19, 10, 16);

insert into PozycjaRezerwacji (IDHotelu, NrPokoju, IDRezerwacji, IDUslugi) values (9, 7, 15, 9);

insert into PozycjaRezerwacji (IDHotelu, NrPokoju, IDRezerwacji, IDUslugi) values (13, 6, 5, 14);

insert into PozycjaRezerwacji (IDHotelu, NrPokoju, IDRezerwacji, IDUslugi) values (4, 4, 19, 5);

insert into PozycjaRezerwacji (IDHotelu, NrPokoju, IDRezerwacji, IDUslugi) values (10, 12, 1, 2);

insert into PozycjaRezerwacji (IDHotelu, NrPokoju, IDRezerwacji, IDUslugi) values (19, 13, 14, 17);

insert into PozycjaRezerwacji (IDHotelu, NrPokoju, IDRezerwacji, IDUslugi) values (17, 2, 16, 12);

insert into PozycjaRezerwacji (IDHotelu, NrPokoju, IDRezerwacji, IDUslugi) values (8, 9, 18, 1);

insert into PozycjaRezerwacji (IDHotelu, NrPokoju, IDRezerwacji, IDUslugi) values (14, 8, 17, 19);

insert into PozycjaRezerwacji (IDHotelu, NrPokoju, IDRezerwacji, IDUslugi) values (12, 3, 11, 7);

insert into PozycjaRezerwacji (IDHotelu, NrPokoju, IDRezerwacji, IDUslugi) values (5, 17, 0, 6);

insert into PozycjaRezerwacji (IDHotelu, NrPokoju, IDRezerwacji, IDUslugi) values (1, 1, 7, 18);

insert into PozycjaRezerwacji (IDHotelu, NrPokoju, IDRezerwacji, IDUslugi) values (2, 14, 9, 0);

insert into PozycjaRezerwacji (IDHotelu, NrPokoju, IDRezerwacji, IDUslugi) values (18, 10, 3, 10);

insert into Sklad (IDOsoby, NrPokoju, IDRezerwacji) values (12, 5, 2);

insert into Sklad (IDOsoby, NrPokoju, IDRezerwacji) values (3, 0, 13);

insert into Sklad (IDOsoby, NrPokoju, IDRezerwacji) values (10, 15, 12);

insert into Sklad (IDOsoby, NrPokoju, IDRezerwacji) values (4, 16, 4);

insert into Sklad (IDOsoby, NrPokoju, IDRezerwacji) values (0, 18, 8);

insert into Sklad (IDOsoby, NrPokoju, IDRezerwacji) values (1, 11, 6);

insert into Sklad (IDOsoby, NrPokoju, IDRezerwacji) values (6, 19, 10);

insert into Sklad (IDOsoby, NrPokoju, IDRezerwacji) values (2, 7, 15);

insert into Sklad (IDOsoby, NrPokoju, IDRezerwacji) values (14, 6, 5);

insert into Sklad (IDOsoby, NrPokoju, IDRezerwacji) values (18, 4, 19);

insert into Sklad (IDOsoby, NrPokoju, IDRezerwacji) values (15, 12, 1);

insert into Sklad (IDOsoby, NrPokoju, IDRezerwacji) values (7, 13, 14);

insert into Sklad (IDOsoby, NrPokoju, IDRezerwacji) values (8, 2, 16);

insert into Sklad (IDOsoby, NrPokoju, IDRezerwacji) values (16, 9, 18);

insert into Sklad (IDOsoby, NrPokoju, IDRezerwacji) values (9, 8, 17);

insert into Sklad (IDOsoby, NrPokoju, IDRezerwacji) values (5, 3, 11);

insert into Sklad (IDOsoby, NrPokoju, IDRezerwacji) values (19, 17, 0);

insert into Sklad (IDOsoby, NrPokoju, IDRezerwacji) values (11, 1, 7);

insert into Sklad (IDOsoby, NrPokoju, IDRezerwacji) values (17, 14, 9);

insert into Sklad (IDOsoby, NrPokoju, IDRezerwacji) values (13, 10, 3);

